{"id":"groove-slider-app","name":"Groove Slider","short_name":"Groove Slider","description":"Create dynamic image slideshows synced to music","start_url":"/","scope":"/","display":"fullscreen","display_override":["window-controls-overlay"],"orientation":"portrait","dir":"ltr","lang":"en","background_color":"#000000","theme_color":"#000000","categories":["photo","entertainment","multimedia"],"launch_handler":{"client_mode":"auto"},"prefer_related_applications":false,"related_applications":[],"screenshots":[{"src":"/screenshots/screenshot1.png","sizes":"1080x1920","type":"image/png","form_factor":"narrow","label":"Groove Slider App Main Screen"}],"icons":[{"src":"/icons/icon-192.png","sizes":"192x192","type":"image/png"},{"src":"/icons/icon-512.png","sizes":"512x512","type":"image/png"}]}